,0,1,2,3
0,1,Name_1,email_1@example.com,2024-01-02
1,2,Name_2,email_2@example.com,2024-01-03
2,3,Name_3,email_3@example.com,2024-01-04
3,4,Name_4,email_4@example.com,2024-01-05
4,5,Name_5,email_5@example.com,2024-01-06
5,6,Name_6,email_6@example.com,2024-01-07
6,7,Name_7,email_7@example.com,2024-01-08
7,8,Name_8,email_8@example.com,2024-01-09
8,9,Name_9,email_9@example.com,2024-01-10
9,10,Name_10,email_10@example.com,2024-01-11
10,11,Name_11,email_11@example.com,2024-01-12
11,12,Name_12,email_12@example.com,2024-01-13
12,13,Name_13,email_13@example.com,2024-01-14
13,14,Name_14,email_14@example.com,2024-01-15
14,15,Name_15,email_15@example.com,2024-01-16
15,16,Name_16,email_16@example.com,2024-01-17
16,17,Name_17,email_17@example.com,2024-01-18
17,18,Name_18,email_18@example.com,2024-01-19
18,19,Name_19,email_19@example.com,2024-01-20
19,20,Name_20,email_20@example.com,2024-01-21
20,21,Name_21,email_21@example.com,2024-01-22
21,22,Name_22,email_22@example.com,2024-01-23
22,23,Name_23,email_23@example.com,2024-01-24
23,24,Name_24,email_24@example.com,2024-01-25
24,25,Name_25,email_25@example.com,2024-01-26
25,26,Name_26,email_26@example.com,2024-01-27
26,27,Name_27,email_27@example.com,2024-01-28
27,28,Name_28,email_28@example.com,2024-01-29
28,29,Name_29,email_29@example.com,2024-01-30
29,30,Name_30,email_30@example.com,2024-01-31
30,31,Name_31,email_31@example.com,2024-02-01
31,32,Name_32,email_32@example.com,2024-02-02
32,33,Name_33,email_33@example.com,2024-02-03
33,34,Name_34,email_34@example.com,2024-02-04
34,35,Name_35,email_35@example.com,2024-02-05
35,36,Name_36,email_36@example.com,2024-02-06
36,37,Name_37,email_37@example.com,2024-02-07
37,38,Name_38,email_38@example.com,2024-02-08
38,39,Name_39,email_39@example.com,2024-02-09
39,40,Name_40,email_40@example.com,2024-02-10
40,41,Name_41,email_41@example.com,2024-02-11
41,42,Name_42,email_42@example.com,2024-02-12
42,43,Name_43,email_43@example.com,2024-02-13
43,44,Name_44,email_44@example.com,2024-02-14
44,45,Name_45,email_45@example.com,2024-02-15
45,46,Name_46,email_46@example.com,2024-02-16
46,47,Name_47,email_47@example.com,2024-02-17
47,48,Name_48,email_48@example.com,2024-02-18
48,49,Name_49,email_49@example.com,2024-02-19
49,50,Name_50,email_50@example.com,2024-02-20
50,51,Name_51,email_51@example.com,2024-02-21
51,52,Name_52,email_52@example.com,2024-02-22
52,53,Name_53,email_53@example.com,2024-02-23
53,54,Name_54,email_54@example.com,2024-02-24
54,55,Name_55,email_55@example.com,2024-02-25
55,56,Name_56,email_56@example.com,2024-02-26
56,57,Name_57,email_57@example.com,2024-02-27
57,58,Name_58,email_58@example.com,2024-02-28
58,59,Name_59,email_59@example.com,2024-02-29
59,60,Name_60,email_60@example.com,2024-03-01
60,61,Name_61,email_61@example.com,2024-03-02
61,62,Name_62,email_62@example.com,2024-03-03
62,63,Name_63,email_63@example.com,2024-03-04
63,64,Name_64,email_64@example.com,2024-03-05
64,65,Name_65,email_65@example.com,2024-03-06
65,66,Name_66,email_66@example.com,2024-03-07
66,67,Name_67,email_67@example.com,2024-03-08
67,68,Name_68,email_68@example.com,2024-03-09
68,69,Name_69,email_69@example.com,2024-03-10
69,70,Name_70,email_70@example.com,2024-03-11
70,71,Name_71,email_71@example.com,2024-03-12
71,72,Name_72,email_72@example.com,2024-03-13
72,73,Name_73,email_73@example.com,2024-03-14
73,74,Name_74,email_74@example.com,2024-03-15
74,75,Name_75,email_75@example.com,2024-03-16
75,76,Name_76,email_76@example.com,2024-03-17
76,77,Name_77,email_77@example.com,2024-03-18
77,78,Name_78,email_78@example.com,2024-03-19
78,79,Name_79,email_79@example.com,2024-03-20
79,80,Name_80,email_80@example.com,2024-03-21
80,81,Name_81,email_81@example.com,2024-03-22
81,82,Name_82,email_82@example.com,2024-03-23
82,83,Name_83,email_83@example.com,2024-03-24
83,84,Name_84,email_84@example.com,2024-03-25
84,85,Name_85,email_85@example.com,2024-03-26
85,86,Name_86,email_86@example.com,2024-03-27
86,87,Name_87,email_87@example.com,2024-03-28
87,88,Name_88,email_88@example.com,2024-03-29
88,89,Name_89,email_89@example.com,2024-03-30
89,90,Name_90,email_90@example.com,2024-03-31
90,91,Name_91,email_91@example.com,2024-04-01
91,92,Name_92,email_92@example.com,2024-04-02
92,93,Name_93,email_93@example.com,2024-04-03
93,94,Name_94,email_94@example.com,2024-04-04
94,95,Name_95,email_95@example.com,2024-04-05
95,96,Name_96,email_96@example.com,2024-04-06
96,97,Name_97,email_97@example.com,2024-04-07
97,98,Name_98,email_98@example.com,2024-04-08
98,99,Name_99,email_99@example.com,2024-04-09
99,100,Name_100,email_100@example.com,2024-04-10
